username ,password ,subject_title,deck_title,deck_description,card_question,card_answer
john.doe,dandan,,,,,
,,Replace,,,,
,,,deck1,its a deck,,
,,,,,huh?,yes
,,,,,huh?,yes
,,,,,huh?,yes
,,,,,huh?,yes
,,,,,huh?,yes
,,,deck2,its a deck,,
,,,,,huh?,yes
,,,,,huh?,yes
,,,,,huh?,yes
,,,,,huh?,yes
,,,,,huh?,yes
,,,deck3,its a deck,,
,,,deck4,its a deck,,
,,Chemistry,,,,
,,Nutrition,,,,
,,Job Interviewing,,,,
NoRiceApproach,dandan,,,,,
,,Ruby on Rails,,,,
,,US History,,,,
,,Human Anatomy,,,,
,,Spanish,,,,
tummyOoek,dandan,,,,,
,,Korean,,,,
,,Shakespeare,,,,
,,Wine,,,,
,,LSAT,,,,
danielleColeslaw,dandan,,,,,
,,App Academy,,,,
,,NYC,,,,
,,Astronomy,,,,
,,Calculus,,,,
LeanOnBeanshin,dandan,,,,,
,,MCAT,,,,
,,SAT,,,,
,,Pokemon,,,,
,,The Halal Guys,,,,
ggCamo,dandan,,,,,
,,HTML,,,,
,,The Cold War,,,,
,,Psychology,,,,
,,Algebra,,,,
dreadBadKeys,dandan,,,,,
,,Periodic Table,,,,
,,Bible,,,,
,,Geography,,,,
,,Hollywood Celebrities,,,,
,,NBA,,,,